Player Name,Salary,Team,Position,Ceiling,Floor,Projection
Chris Paul,8200,HOU,PG,67.21600000000001,20.75294,42.01
Mike Conley,6900,MEM,PG,65.046,21.386,37.0
J.J. Redick,5100,PHI,SG,55.51223,24.4376,27.77
Jordan Clarkson,5100,CLE,SG,64.60866,31.77745,32.93
Josh Richardson,7700,MIA,SF,65.82303,22.30902,38.07
Nemanja Bjelica,6400,SAC,SF,58.794,20.44875,30.75
LaMarcus Aldridge,8100,SAS,PF,73.08388000000001,27.30984,42.94
Kevon Looney,4500,GSW,PF,45.13817,19.119870000000002,23.87
Clint Capela,8000,HOU,C,67.60571999999999,24.616020000000002,39.26
