Player Name,Salary,Team,Position,Ceiling,Floor,Projection
Chris Paul,8200,HOU,PG,67.21600000000001,20.75294,42.01
Mike Conley,6900,MEM,PG,65.046,21.386,37.0
J.J. Redick,5100,PHI,SG,55.51223,24.4376,27.77
Jordan Clarkson,5100,CLE,SG,64.60866,31.77745,32.93
Nemanja Bjelica,6400,SAC,SF,58.794,20.44875,30.75
Jabari Parker,7000,CHI,SF,59.001000000000005,18.8505,35.5
LaMarcus Aldridge,8100,SAS,PF,73.08388000000001,27.30984,42.94
Larry Nance,4900,CLE,PF,49.60583,17.25297,28.33
Clint Capela,8000,HOU,C,67.60571999999999,24.616020000000002,39.26
