Player Name,Salary,Team,Position,Ceiling,Floor,Projection
Damian Lillard,10500,POR,PG,61.5996,23.3288,48.2
Kyrie Irving,9000,BOS,PG,56.12764,21.93968,41.24
Nik Stauskas,3600,POR,SG,31.1402,14.6276,18.85
Tim Hardaway Jr.,7400,NYK,SG,51.17476,22.36208,33.08
Evan Turner,4600,POR,SF,36.334,20.4256,24.55
Gordon Hayward,6400,BOS,SF,40.91256,19.54368,28.08
P.J. Tucker,4400,HOU,PF,41.59963,17.962989999999998,21.41
Noah Vonleh,5000,NYK,PF,45.5147,14.3957,25.3
Clint Capela,9100,HOU,C,56.48226,24.23982,38.66
