Player Name,Salary,Team,Position,Ceiling,Floor,Projection
Seth Curry,3500,POR,PG,37.6726,19.88,19.88
Kyrie Irving,9000,BOS,PG,56.12764,21.93968,41.24
James Harden,11400,HOU,SG,57.62295,18.70875,49.89
Tim Hardaway Jr.,7400,NYK,SG,51.17476,22.36208,33.08
Evan Turner,4600,POR,SF,36.334,20.4256,24.55
Jae Crowder,5500,UTA,SF,39.09834,17.74035,23.19
P.J. Tucker,4400,HOU,PF,41.59963,17.962989999999998,21.41
Noah Vonleh,5000,NYK,PF,45.5147,14.3957,25.3
Clint Capela,9100,HOU,C,56.48226,24.23982,38.66
