Player Name,Salary,Team,Position,Ceiling,Floor,Projection
Seth Curry,3500,POR,PG,37.6726,19.88,19.88
Damian Lillard,10500,POR,PG,61.5996,23.3288,48.2
Donovan Mitchell,8500,UTA,SG,47.80468,19.684279999999998,36.52
Tim Hardaway Jr.,7400,NYK,SG,51.17476,22.36208,33.08
Evan Turner,4600,POR,SF,36.334,20.4256,24.55
Joe Ingles,6200,UTA,SF,41.930609999999994,17.76813,27.21
P.J. Tucker,4400,HOU,PF,41.59963,17.962989999999998,21.41
Josh Jackson,5500,PHO,PF,40.769459999999995,18.88299,27.81
Clint Capela,9100,HOU,C,56.48226,24.23982,38.66
