Player Name,Salary,Team,Position,Ceiling,Floor,Projection
Trey Burke,4200,DAL,PG,54.085440000000006,8.35518,31.89
Stephen Curry,9400,GSW,PG,83.4086,19.763679999999997,48.92
DeMar DeRozan,8300,SAS,SG,78.36435999999999,22.1104,42.52
Damyean Dotson,4700,NYK,SG,48.6465,13.47525,28.25
Taurean Prince,4600,ATL,SF,50.57136,9.21744,27.68
Tyreke Evans,4300,IND,SF,47.537279999999996,13.19328,25.92
Josh Jackson,5800,PHO,PF,63.2492,16.44848,36.88
Julius Randle,9000,NOP,PF,78.48867,19.30266,44.07
Nikola Vucevic,9700,ORL,C,80.67981999999999,21.06018,50.87
