Player Name,Salary,Team,Position,Ceiling,Floor,Projection
Trey Burke,4200,DAL,PG,54.085440000000006,8.35518,31.89
Stephen Curry,9400,GSW,PG,83.4086,19.763679999999997,48.92
Ian Clark,3900,NOP,SG,48.695640000000004,10.40172,24.36
Damyean Dotson,4700,NYK,SG,48.6465,13.47525,28.25
Kevin Durant,9500,GSW,SF,71.0721,24.74362,47.86
Tyreke Evans,4300,IND,SF,47.537279999999996,13.19328,25.92
Josh Jackson,5800,PHO,PF,63.2492,16.44848,36.88
Blake Griffin,8400,DET,PF,74.6452,22.61488,40.24
Nikola Vucevic,9700,ORL,C,80.67981999999999,21.06018,50.87
