Player Name,Salary,Position,Ceiling,Floor,Projection
Trae Young,7300,PG,41.3829,7.0902,35.1
Damian Lillard,9600,PG,76.76704000000001,24.85056,48.16
Iman Shumpert,3600,SG,35.43345,14.25414,20.19
Jrue Holiday,8300,SG,69.29965,23.25722,42.91
Nikola Mirotic,7700,SF,59.93708,22.55656,37.72
Danilo Gallinari,6400,SF,54.256859999999996,21.245910000000002,31.29
Al-Farouq Aminu,4900,PF,41.7897,18.9036,26.55
Dario Saric,5200,PF,43.79526,15.88734,28.02
Julius Randle,7000,C,72.79296,31.5534,36.69
