Player Name,Salary,Position,Ceiling,Floor,Projection
Tim Frazier,3600,PG,37.42134,15.414439999999999,19.22
De'Aaron Fox,8200,PG,63.52782,20.47268,39.07
Iman Shumpert,3600,SG,35.43345,14.25414,20.19
Jrue Holiday,8300,SG,69.29965,23.25722,42.91
Giannis Antetokounmpo,11500,SF,74.62512,21.283170000000002,53.61
Nikola Mirotic,7700,SF,59.93708,22.55656,37.72
Al-Farouq Aminu,4900,PF,41.7897,18.9036,26.55
Dario Saric,5200,PF,43.79526,15.88734,28.02
Julius Randle,7000,C,72.79296,31.5534,36.69
