Player Name,Salary,Position,Ceiling,Floor,Projection
Damian Lillard,9600,PG,76.76704000000001,24.85056,48.16
Tim Frazier,3600,PG,37.42134,15.414439999999999,19.22
Iman Shumpert,3600,SG,35.43345,14.25414,20.19
Malik Monk,4300,SG,41.86544,17.87816,22.46
Giannis Antetokounmpo,11500,SF,74.62512,21.283170000000002,53.61
Nikola Mirotic,7700,SF,59.93708,22.55656,37.72
Tobias Harris,7500,PF,62.88312,21.30592,38.32
Dario Saric,5200,PF,43.79526,15.88734,28.02
Julius Randle,7000,C,72.79296,31.5534,36.69
