Player Name,Salary,Position,Ceiling,Floor,Projection
Eric Bledsoe,7700,PG,67.4709,23.28774,37.38
Ish Smith,5100,PG,50.43477,20.915670000000002,25.23
DeMar DeRozan,8100,SG,68.68318000000001,22.95138,42.74
Donovan Mitchell,8300,SG,68.21356999999999,24.26867,39.59
Davis Bertans,3700,SF,45.01748,22.52,22.52
Jabari Parker,6700,SF,59.54928,25.827479999999998,31.08
Josh Jackson,4000,PF,48.96138,17.05534,30.62
Blake Griffin,9500,PF,74.03475999999999,22.74212,44.68
Julius Randle,6900,C,68.07921999999999,27.040640000000003,36.74
