Player Name,Salary,Team,Position,Ceiling,Floor,Projection
Terry Rozier,3800,BOS,PG,35.55666,18.65934,22.59
Stephen Curry,9600,GSW,PG,58.9584,23.2596,42.6
Jordan Clarkson,5500,CLE,SG,47.51578,25.642979999999998,28.78
Bradley Beal,8500,WAS,SG,62.912040000000005,27.57954,40.38
Tyreke Evans,5000,IND,SF,43.17138,17.647560000000002,29.61
Otto Porter,6500,WAS,SF,46.780159999999995,21.41972,31.78
Rondae Hollis-Jefferson,6000,BKN,PF,47.130390000000006,19.00956,30.27
Blake Griffin,9200,DET,PF,58.66209,20.92176,45.09
Jonas Valanciunas,5500,TOR,C,52.04985,25.567829999999997,29.49
