Player Name,Salary,Team,Position,Ceiling,Floor,Projection
Derrick Rose,6100,MIN,PG,47.37565,26.51243,29.89
Terry Rozier,3800,BOS,PG,35.55666,18.65934,22.59
Zach LaVine,8700,CHI,SG,59.389469999999996,25.66368,42.21
Jordan Clarkson,5500,CLE,SG,47.51578,25.642979999999998,28.78
Tyreke Evans,5000,IND,SF,43.17138,17.647560000000002,29.61
Kevin Durant,11700,GSW,SF,65.41396,26.37823,50.63
P.J. Tucker,4400,HOU,PF,41.07308,17.71986,21.02
Blake Griffin,9200,DET,PF,58.66209,20.92176,45.09
Jonas Valanciunas,5500,TOR,C,52.04985,25.567829999999997,29.49
