Player Name,Salary,Position,Ceiling,Floor,Projection
Eric Bledsoe,7700,PG,66.12411,23.46085,39.43
Fred VanVleet,4600,PG,48.00387,24.63,24.63
Frank Jackson,3500,SG,22.98309,3.6309099999999996,19.01
Jrue Holiday,8000,SG,63.63553,23.77214,42.91
Jabari Parker,7000,SF,61.06828,23.79104,34.58
Nikola Mirotic,7300,SF,65.75541,27.82661,36.47
Pascal Siakam,4400,PF,36.84,22.104,24.56
LaMarcus Aldridge,8700,PF,63.435759999999995,24.2498,42.92
Karl-Anthony Towns,8800,C,71.34942,24.16089,45.33
