Player Name,Salary,Position,Ceiling,Floor,Projection
Fred VanVleet,4600,PG,48.00387,24.63,24.63
Ben Simmons,10500,PG,68.52643,19.315170000000002,49.91
Khris Middleton,7500,SG,62.317319999999995,26.7552,37.16
Jrue Holiday,8000,SG,63.63553,23.77214,42.91
Chandler Hutchison,4000,SF,28.51305,8.93365,21.95
Nikola Mirotic,7300,SF,65.75541,27.82661,36.47
Ersan Ilyasova,4100,PF,43.5666,18.3762,24.6
Al-Farouq Aminu,5100,PF,45.388490000000004,18.55692,27.13
Karl-Anthony Towns,8800,C,71.34942,24.16089,45.33
