Player Name,Salary,Team,Position,Ceiling,Floor,Projection
Jamal Murray,7500,DEN,PG,60.7581,21.0249,35.1
Jeremy Lin,4200,ATL,PG,40.01788,16.97596,21.82
DeMar DeRozan,8900,SAS,SG,67.77144,19.965329999999998,42.57
Eric Gordon,5000,HOU,SG,42.38191,17.613570000000003,23.77
Rudy Gay,5600,SAS,SF,49.18572,20.06736,25.86
Juan Hernangomez,4100,DEN,SF,40.2388,13.734570000000001,20.53
LaMarcus Aldridge,8400,SAS,PF,68.11135999999999,26.22448,40.16
Montrezl Harrell,7500,LAC,PF,58.72985,25.8451,33.05
Clint Capela,8100,HOU,C,68.9238,22.857779999999998,38.94
