Player Name,Salary,Position,Ceiling,Floor,Projection
Damian Lillard,9600,PG,76.76704000000001,24.85056,48.16
De'Aaron Fox,8200,PG,63.52782,20.47268,39.07
Iman Shumpert,3600,SG,35.43345,14.25414,20.19
Jrue Holiday,8300,SG,69.29965,23.25722,42.91
E'Twaun Moore,4400,SF,37.74555,16.18638,22.67
Danilo Gallinari,6400,SF,54.256859999999996,21.245910000000002,31.29
Al-Farouq Aminu,4900,PF,41.7897,18.9036,26.55
Tobias Harris,7500,PF,62.88312,21.30592,38.32
Julius Randle,7000,C,72.79296,31.5534,36.69
