Player Name,Salary,Team,Position,Ceiling,Floor,Projection
Eric Bledsoe,7700,MIL,PG,54.57792,22.815360000000002,37.28
Kemba Walker,8700,CHA,PG,55.4268,20.9836,41.8
Alec Burks,4000,CLE,SG,44.044109999999996,26.17,26.17
Jordan Clarkson,5400,CLE,SG,51.72237,27.87939,31.29
Josh Richardson,7100,MIA,SF,53.10435,21.79845,36.15
Rodney Hood,4600,CLE,SF,43.56198,17.43018,26.94
Anthony Davis,12900,NOP,PF,85.956,30.944159999999997,59.28
Larry Nance,5300,CLE,PF,47.3328,24.3808,30.4
Mike Muscala,4200,PHI,C,44.66448,25.32,25.32
