Player Name,Salary,Team,Position,Ceiling,Floor,Projection
Derrick Rose,5700,MIN,PG,42.7633,23.93126,26.98
Jamal Murray,7000,DEN,PG,54.87276,22.61124,35.22
Khris Middleton,7200,MIL,SG,58.11594,25.634,36.62
Austin Rivers,3500,WAS,SG,36.80242,19.94172,24.26
Rodney Hood,4800,CLE,SF,41.81562,16.73142,25.86
Otto Porter,7100,WAS,SF,53.570919999999994,24.95792,36.92
Montrezl Harrell,7400,LAC,PF,50.531000000000006,26.3978,33.8
Anthony Davis,12800,NOP,PF,92.14926,33.04182,63.42
Jonas Valanciunas,4500,TOR,C,40.3615,20.47,22.25
