Player Name,Salary,Team,Position,Ceiling,Floor,Projection
Derrick Rose,5700,MIN,PG,42.7633,23.93126,26.98
Jamal Murray,7000,DEN,PG,54.87276,22.61124,35.22
Bradley Beal,8500,WAS,SG,67.7751,29.16305,42.95
Austin Rivers,3500,WAS,SG,36.80242,19.94172,24.26
Otto Porter,7100,WAS,SF,53.570919999999994,24.95792,36.92
Paul George,8300,OKC,SF,56.67885,25.02808,40.63
Montrezl Harrell,7400,LAC,PF,50.531000000000006,26.3978,33.8
LaMarcus Aldridge,8000,SAS,PF,56.63981999999999,24.95129,39.17
Jonas Valanciunas,4500,TOR,C,40.3615,20.47,22.25
