Player Name,Salary,Team,Position,Ceiling,Floor,Projection
Derrick Rose,5700,MIN,PG,42.7633,23.93126,26.98
Eric Bledsoe,7200,MIL,PG,53.04071999999999,22.17276,36.23
Bradley Beal,8500,WAS,SG,67.7751,29.16305,42.95
Austin Rivers,3500,WAS,SG,36.80242,19.94172,24.26
Rodney Hood,4800,CLE,SF,41.81562,16.73142,25.86
Otto Porter,7100,WAS,SF,53.570919999999994,24.95792,36.92
Anthony Davis,12800,NOP,PF,92.14926,33.04182,63.42
Serge Ibaka,5900,TOR,PF,42.86165,17.4746,30.55
Jonas Valanciunas,4500,TOR,C,40.3615,20.47,22.25
