Player Name,Salary,Position,Ceiling,Floor,Projection
Eric Bledsoe,7700,PG,67.4709,23.28774,37.38
Ish Smith,5100,PG,50.43477,20.915670000000002,25.23
DeMar DeRozan,8100,SG,68.68318000000001,22.95138,42.74
Khris Middleton,7700,SG,63.0298,25.10569,35.41
Davis Bertans,3700,SF,45.01748,22.52,22.52
Taurean Prince,7200,SF,64.1464,23.2404,36.2
Josh Jackson,4000,PF,48.96138,17.05534,30.62
Blake Griffin,9500,PF,74.03475999999999,22.74212,44.68
Julius Randle,6900,C,68.07921999999999,27.040640000000003,36.74
