Player Name,Salary,Team,Position,Ceiling,Floor,Projection
Rajon Rondo,5700,LAL,PG,51.634170000000005,25.83,25.83
Chris Paul,8300,HOU,PG,67.91004000000001,21.38796,43.56
Khris Middleton,7600,MIL,SG,60.38151,22.24917,31.83
Victor Oladipo,9300,IND,SG,70.3296,26.2656,43.2
Gordon Hayward,5300,BOS,SF,46.666270000000004,16.05065,26.53
Bojan Bogdanovic,4600,IND,SF,37.5564,16.218,20.4
Brandon Ingram,6500,LAL,PF,57.72855,20.0541,32.45
P.J. Tucker,4700,HOU,PF,49.29534,20.739060000000002,24.66
Clint Capela,8000,HOU,C,69.83243,24.9543,39.61
