Player Name,Salary,Position,Ceiling,Floor,Projection
Stephen Curry,9900,PG,79.40619000000001,31.200570000000003,49.29
Lonzo Ball,6100,PG,56.736000000000004,22.41072,31.52
Luka Doncic,8000,SG,46.513740000000006,7.91154,38.22
Wesley Matthews,4900,SG,40.9852,14.57828,25.94
Mikal Bridges,3500,SF,23.27747,3.7612400000000004,19.19
Andrew Wiggins,6400,SF,51.22588,19.18596,31.66
LaMarcus Aldridge,8500,PF,65.8008,22.541220000000003,44.46
Josh Jackson,3700,PF,48.111979999999996,15.77534,28.07
Karl-Anthony Towns,9000,C,80.78508000000001,27.730079999999997,47.16
