Player Name,Salary,Team,Position,Ceiling,Floor,Projection
Derrick Rose,6500,MIN,PG,62.82901999999999,30.17424,33.98
J.J. Barea,4300,DAL,PG,48.444309999999994,20.18744,27.73
Khris Middleton,7500,MIL,SG,66.12914,24.794,35.42
Bradley Beal,8000,WAS,SG,68.3709,25.4759,37.3
Nikola Mirotic,7400,NOP,SF,64.7112,23.61776,36.56
Rodney Hood,5000,CLE,SF,51.067240000000005,17.44416,26.92
LaMarcus Aldridge,8100,SAS,PF,68.10152,25.72636,39.64
Jerami Grant,5700,OKC,PF,51.3428,18.215770000000003,27.31
Julius Randle,7300,NOP,C,75.12295999999999,34.685959999999994,44.93
