Player Name,Salary,Team,Position,Ceiling,Floor,Projection
Terry Rozier,3800,BOS,PG,46.2768,21.1792,24.8
Jamal Murray,6900,DEN,PG,60.291000000000004,21.252,33.0
Marcus Smart,3900,BOS,SG,45.297340000000005,17.24426,22.66
Khris Middleton,7500,MIL,SG,66.12914,24.794,35.42
Kevin Durant,10800,GSW,SF,89.4327,26.8183,57.55
Nikola Mirotic,7400,NOP,SF,64.7112,23.61776,36.56
LaMarcus Aldridge,8100,SAS,PF,68.10152,25.72636,39.64
P.J. Tucker,4300,HOU,PF,47.43627,19.909470000000002,23.73
Julius Randle,7300,NOP,C,75.12295999999999,34.685959999999994,44.93
