Player Name,Salary,Team,Position,Ceiling,Floor,Projection
Tyler Johnson,4700,MIA,PG,51.874520000000004,19.71904,28.01
Derrick White,5500,SAS,PG,54.986819999999994,24.05312,28.91
DeMar DeRozan,9200,SAS,SG,75.087,22.248,46.35
Bradley Beal,8400,WAS,SG,70.14891,26.13841,38.27
Josh Richardson,7500,MIA,SF,63.177659999999996,21.41244,36.54
Rudy Gay,5700,SAS,SF,55.80765,23.6979,30.15
LaMarcus Aldridge,8100,SAS,PF,73.75144,27.37612,43.18
Noah Vonleh,4000,NYK,PF,48.21588,20.574360000000002,24.12
Enes Kanter,5900,NYK,C,53.28102,23.75958,32.37
