Player Name,Salary,Team,Position,Ceiling,Floor,Projection
Derrick White,5500,SAS,PG,54.986819999999994,24.05312,28.91
Damian Lillard,9400,POR,PG,71.38033,23.28347,47.81
Tim Hardaway Jr.,7400,NYK,SG,67.6368,25.09584,36.96
Bradley Beal,8400,WAS,SG,70.14891,26.13841,38.27
Justise Winslow,5300,MIA,SF,53.586000000000006,17.29637,29.77
Rudy Gay,5700,SAS,SF,55.80765,23.6979,30.15
LaMarcus Aldridge,8100,SAS,PF,73.75144,27.37612,43.18
Noah Vonleh,4000,NYK,PF,48.21588,20.574360000000002,24.12
Enes Kanter,5900,NYK,C,53.28102,23.75958,32.37
