Player Name,Salary,Team,Position,Ceiling,Floor,Projection
Derrick Rose,6100,MIN,PG,47.37565,26.51243,29.89
Terry Rozier,3800,BOS,PG,35.55666,18.65934,22.59
Jordan Clarkson,5500,CLE,SG,47.51578,25.642979999999998,28.78
Bradley Beal,8500,WAS,SG,62.912040000000005,27.57954,40.38
Tyreke Evans,5000,IND,SF,43.17138,17.647560000000002,29.61
Gordon Hayward,6000,BOS,SF,43.433170000000004,20.74776,29.81
Rondae Hollis-Jefferson,6000,BKN,PF,47.130390000000006,19.00956,30.27
Blake Griffin,9200,DET,PF,58.66209,20.92176,45.09
Karl-Anthony Towns,9800,MIN,C,61.146640000000005,25.60572,45.16
