Player Name,Salary,Position,Ceiling,Floor,Projection
Damian Lillard,9700,PG,74.20416,24.54148,48.31
Ben Simmons,9800,PG,69.97856999999999,19.646520000000002,48.63
Antonio Blakeney,3800,SG,42.298840000000006,16.399,21.16
Dwyane Wade,4700,SG,44.015159999999995,17.93592,25.77
Gerald Green,3800,SF,41.38456,18.155379999999997,22.06
Justise Winslow,4700,SF,49.73124,20.52828,26.94
Jayson Tatum,6400,PF,53.15339,18.28061,32.47
Kelly Olynyk,5900,PF,50.422509999999996,20.44896,30.43
Joel Embiid,10900,C,89.21631,21.71315,54.97
