Player Name,Salary,Position,Ceiling,Floor,Projection
Ben Simmons,9800,PG,69.97856999999999,19.646520000000002,48.63
Tyler Johnson,4200,PG,52.47375,21.81375,26.25
Donovan Mitchell,8200,SG,64.93938,23.31054,40.26
Dwyane Wade,4700,SG,44.015159999999995,17.93592,25.77
Stanley Johnson,4300,SF,41.31864,16.370639999999998,23.76
Justise Winslow,4700,SF,49.73124,20.52828,26.94
LaMarcus Aldridge,8100,PF,62.7287,20.5734,40.34
Al-Farouq Aminu,5000,PF,45.091409999999996,18.08313,25.87
Joel Embiid,10900,C,89.21631,21.71315,54.97
