Player Name,Salary,Team,Position,Ceiling,Floor,Projection
Tim Frazier,4400,NOP,PG,38.91888,16.038,23.76
Mike Conley,8900,MEM,PG,61.17375,24.70875,41.25
Bradley Beal,8300,WAS,SG,57.975719999999995,24.946460000000002,36.74
Jordan Clarkson,5300,CLE,SG,39.4788,22.8126,23.64
Nikola Mirotic,8000,NOP,SF,59.0261,25.33612,39.22
Jonathan Isaac,4900,ORL,SF,38.94423,21.29205,23.79
Anthony Davis,12300,NOP,PF,84.2712,29.15328,56.94
Josh Jackson,4000,PHO,PF,39.14114,17.83682,27.74
Tyson Chandler,3600,LAL,C,39.2168,20.86,20.86
