Player Name,Salary,Position,Ceiling,Floor,Projection
Derrick Rose,5500,PG,48.8394,17.88885,31.55
Rajon Rondo,5700,PG,49.755109999999995,24.89,24.89
Jordan Clarkson,4700,SG,45.33732,18.620279999999998,22.68
Terrence Ross,4800,SG,48.28324,23.41592,24.19
Nikola Mirotic,8400,SF,70.86032,25.1679,39.02
Josh Richardson,7600,SF,63.427,23.5053,37.31
Anthony Davis,11800,PF,100.90096,31.11958,63.38
Brandon Ingram,5900,PF,55.872440000000005,18.211879999999997,30.92
Myles Turner,5500,C,50.71463,20.32137,25.37
