Player Name,Salary,Position,Ceiling,Floor,Projection
Rajon Rondo,5700,PG,49.755109999999995,24.89,24.89
Jeremy Lin,3800,PG,35.37492,18.31,18.31
Alex Abrines,3800,SG,38.9805,19.5,19.5
Terrence Ross,4800,SG,48.28324,23.41592,24.19
Nikola Mirotic,8400,SF,70.86032,25.1679,39.02
Paul George,10200,SF,82.86784,31.75168,50.56
Anthony Davis,11800,PF,100.90096,31.11958,63.38
Brandon Ingram,5900,PF,55.872440000000005,18.211879999999997,30.92
Myles Turner,5500,C,50.71463,20.32137,25.37
