Player Name,Salary,Team,Position,Ceiling,Floor,Projection
Ryan Arcidiacono,4100,CHI,PG,43.90925,14.73526,22.81
Derrick Rose,6500,MIN,PG,56.53666,26.6858,31.03
Marcus Smart,4000,BOS,SG,50.61468,19.268520000000002,25.32
Jordan Clarkson,5700,CLE,SG,61.79755,31.61,31.61
Kevin Durant,11500,GSW,SF,92.72465,27.78758,59.63
Joe Ingles,6000,UTA,SF,55.7118,20.13012,30.78
Marcus Morris,5100,BOS,PF,51.6384,21.0672,26.4
LaMarcus Aldridge,8500,SAS,PF,70.62144,27.190920000000002,41.64
Clint Capela,8600,HOU,C,70.41258,25.63803,40.89
