Player Name,Salary,Team,Position,Ceiling,Floor,Projection
Ryan Arcidiacono,4100,CHI,PG,43.90925,14.73526,22.81
Eric Bledsoe,7400,MIL,PG,60.23308000000001,22.05274,35.06
Marcus Smart,4000,BOS,SG,50.61468,19.268520000000002,25.32
Jordan Clarkson,5700,CLE,SG,61.79755,31.61,31.61
Kevin Durant,11500,GSW,SF,92.72465,27.78758,59.63
Rodney Hood,5000,CLE,SF,55.80624,18.96357,29.31
P.J. Tucker,4300,HOU,PF,44.7776,18.8384,22.4
LaMarcus Aldridge,8500,SAS,PF,70.62144,27.190920000000002,41.64
Nikola Vucevic,9000,ORL,C,73.10876999999999,23.51117,47.69
