Player Name,Salary,Team,Position,Ceiling,Floor,Projection
Terry Rozier,3800,BOS,PG,40.86912,18.254579999999997,22.02
Ryan Arcidiacono,4100,CHI,PG,43.90925,14.73526,22.81
Marcus Smart,4000,BOS,SG,50.61468,19.268520000000002,25.32
DeMar DeRozan,8900,SAS,SG,73.51856,21.65842,46.18
Kevin Durant,11500,GSW,SF,92.72465,27.78758,59.63
Rodney Hood,5000,CLE,SF,55.80624,18.96357,29.31
Marcus Morris,5100,BOS,PF,51.6384,21.0672,26.4
LaMarcus Aldridge,8500,SAS,PF,70.62144,27.190920000000002,41.64
Nikola Vucevic,9000,ORL,C,73.10876999999999,23.51117,47.69
