Player Name,Salary,Position,Ceiling,Floor,Projection
Kyrie Irving,7500,PG,71.6946,22.680120000000002,39.72
Chris Paul,9600,PG,79.11851999999999,23.7504,49.48
Lou Williams,5200,SG,54.64374,22.69011,27.57
Eric Gordon,6400,SG,51.99198,20.447039999999998,33.63
Kyle Anderson,3900,SF,41.532509999999995,13.89335,24.59
Nicolas Batum,6300,SF,62.51469,20.45505,33.81
Tobias Harris,7800,PF,62.42208,17.63583,39.81
Zach Collins,4400,PF,44.7776,18.6144,22.4
Nikola Vucevic,8800,C,72.3816,24.529320000000002,44.68
