Player Name,Salary,Team,Position,Ceiling,Floor,Projection
Raymond Felton,3500,OKC,PG,40.5797,18.067,20.3
Jamal Murray,7400,DEN,PG,61.057230000000004,21.38502,33.31
Eric Gordon,5000,HOU,SG,49.63872,20.62944,27.84
Devin Booker,7700,PHO,SG,63.32875,19.68375,36.25
Nemanja Bjelica,5200,SAC,SF,51.246,17.31852,26.28
Juan Hernangomez,4100,DEN,SF,45.7771,15.1598,22.9
Serge Ibaka,6400,TOR,PF,57.65158,20.57262,34.46
Anthony Davis,12600,NOP,PF,93.728,30.57876,58.58
Clint Capela,8100,HOU,C,72.1983,23.94373,40.79
