Player Name,Salary,Team,Position,Ceiling,Floor,Projection
Jamal Murray,7300,DEN,PG,61.4397,21.4557,35.7
Mike Conley,8800,MEM,PG,67.03254,22.03914,38.13
Tim Hardaway Jr.,7000,NYK,SG,63.4634,23.57212,34.87
Rodney McGruder,4900,MIA,SG,48.88917,16.67952,26.73
Taurean Prince,5700,ATL,SF,52.8244,19.26158,32.21
Justise Winslow,5000,MIA,SF,55.6864,22.8536,30.8
Trey Lyles,3800,DEN,PF,43.58093,19.53953,23.57
Blake Griffin,9800,DET,PF,70.53605999999999,22.56408,46.62
Enes Kanter,7600,NYK,C,61.08166,19.37306,38.98
