Player Name,Salary,Team,Position,Ceiling,Floor,Projection
Jamal Murray,7300,DEN,PG,61.4397,21.4557,35.7
Mike Conley,8800,MEM,PG,67.03254,22.03914,38.13
Tim Hardaway Jr.,7000,NYK,SG,63.4634,23.57212,34.87
Rodney McGruder,4900,MIA,SG,48.88917,16.67952,26.73
Justise Winslow,5000,MIA,SF,55.6864,22.8536,30.8
Josh Richardson,7900,MIA,SF,64.60406,21.670279999999998,36.98
Brandon Ingram,6300,LAL,PF,49.71989,17.580820000000003,27.73
Trey Lyles,3800,DEN,PF,43.58093,19.53953,23.57
Nikola Jokic,9000,DEN,C,71.50585,19.75379,47.83
