Player Name,Salary,Team,Position,Ceiling,Floor,Projection
Jamal Murray,7300,DEN,PG,61.4397,21.4557,35.7
Mike Conley,8800,MEM,PG,67.03254,22.03914,38.13
Devin Booker,8500,PHO,SG,65.98419,20.50911,37.77
Rodney McGruder,4900,MIA,SG,48.88917,16.67952,26.73
Justise Winslow,5000,MIA,SF,55.6864,22.8536,30.8
Josh Richardson,7900,MIA,SF,64.60406,21.670279999999998,36.98
Trey Lyles,3800,DEN,PF,43.58093,19.53953,23.57
Thaddeus Young,4800,IND,PF,43.20555,13.407739999999999,25.49
Nikola Jokic,9000,DEN,C,71.50585,19.75379,47.83
