Player Name,Salary,Team,Position,Ceiling,Floor,Projection
Derrick Rose,6500,MIN,PG,62.82901999999999,30.17424,33.98
Terry Rozier,3800,BOS,PG,46.2768,21.1792,24.8
Khris Middleton,7500,MIL,SG,66.12914,24.794,35.42
Eric Gordon,4800,HOU,SG,52.6699,21.68074,29.18
Kevin Durant,10800,GSW,SF,89.4327,26.8183,57.55
Nikola Mirotic,7400,NOP,SF,64.7112,23.61776,36.56
LaMarcus Aldridge,8100,SAS,PF,68.10152,25.72636,39.64
Trey Lyles,3700,DEN,PF,41.36274,18.56192,22.31
Julius Randle,7300,NOP,C,75.12295999999999,34.685959999999994,44.93
