Player Name,Salary,Team,Position,Ceiling,Floor,Projection
Devin Harris,3500,DAL,PG,40.91953,20.47,20.47
Mike Conley,8300,MEM,PG,69.85224000000001,22.48668,39.87
Khris Middleton,7500,MIL,SG,65.303,25.22758,34.37
Jimmy Butler,8500,PHI,SG,67.41951999999999,21.903000000000002,41.72
Paul George,10000,OKC,SF,75.11537,28.231279999999998,45.83
Tyreke Evans,4700,IND,SF,47.19924,16.99896,30.14
JaMychal Green,5000,MEM,PF,47.576879999999996,20.97784,23.92
Trey Lyles,4400,DEN,PF,46.92532,21.759520000000002,25.42
Rudy Gobert,7900,UTA,C,63.5583,19.2911,37.9
