Player Name,Salary,Team,Position,Ceiling,Floor,Projection
Kyle Lowry,8000,TOR,PG,69.04776,22.75296,41.52
Trey Burke,4900,NYK,PG,55.910790000000006,23.69673,28.11
Dennis Schroder,6000,OKC,SG,57.33821999999999,26.08602,31.89
David Nwaba,3900,CLE,SG,46.69664,22.635839999999998,23.36
Nikola Mirotic,7600,NOP,SF,66.05445999999999,23.63622,37.34
Wilson Chandler,3800,PHI,SF,44.09263,17.0068,25.01
LaMarcus Aldridge,8000,SAS,PF,65.71515,25.31681,38.77
Anthony Davis,12500,NOP,PF,104.93126000000001,30.954420000000002,60.34
Jonas Valanciunas,5300,TOR,C,57.53122,26.4776,28.78
