Player Name,Salary,Team,Position,Ceiling,Floor,Projection
Eric Bledsoe,6800,MIL,PG,56.69911999999999,21.303520000000002,33.08
Chris Paul,8300,HOU,PG,67.91004000000001,21.38796,43.56
Victor Oladipo,9300,IND,SG,70.3296,26.2656,43.2
Tim Hardaway Jr.,7800,NYK,SG,64.56621,24.89949,35.93
Gordon Hayward,5300,BOS,SF,46.666270000000004,16.05065,26.53
Bojan Bogdanovic,4600,IND,SF,37.5564,16.218,20.4
Marcus Morris,5200,BOS,PF,48.645720000000004,19.84626,24.87
P.J. Tucker,4700,HOU,PF,49.29534,20.739060000000002,24.66
Clint Capela,8000,HOU,C,69.83243,24.9543,39.61
