Player Name,Salary,Team,Position,Ceiling,Floor,Projection
Eric Bledsoe,6800,MIL,PG,56.69911999999999,21.303520000000002,33.08
Chris Paul,8300,HOU,PG,67.91004000000001,21.38796,43.56
Khris Middleton,7600,MIL,SG,60.38151,22.24917,31.83
Tim Hardaway Jr.,7800,NYK,SG,64.56621,24.89949,35.93
Juan Hernangomez,3900,DEN,SF,34.102940000000004,17.06,17.06
Taurean Prince,6400,ATL,SF,50.43,18.3885,30.75
Brandon Ingram,6500,LAL,PF,57.72855,20.0541,32.45
P.J. Tucker,4700,HOU,PF,49.29534,20.739060000000002,24.66
Clint Capela,8000,HOU,C,69.83243,24.9543,39.61
