Player Name,Salary,Team,Position,Ceiling,Floor,Projection
Jamal Murray,7500,DEN,PG,59.24275,21.6601,33.95
Rajon Rondo,5700,LAL,PG,51.634170000000005,25.83,25.83
Victor Oladipo,9300,IND,SG,70.3296,26.2656,43.2
Tim Hardaway Jr.,7800,NYK,SG,64.56621,24.89949,35.93
Gordon Hayward,5300,BOS,SF,46.666270000000004,16.05065,26.53
Taurean Prince,6400,ATL,SF,50.43,18.3885,30.75
Marcus Morris,5200,BOS,PF,48.645720000000004,19.84626,24.87
P.J. Tucker,4700,HOU,PF,49.29534,20.739060000000002,24.66
Clint Capela,8000,HOU,C,69.83243,24.9543,39.61
