Player Name,Salary,Team,Position,Ceiling,Floor,Projection
Eric Bledsoe,6800,MIL,PG,56.69911999999999,21.303520000000002,33.08
Chris Paul,8300,HOU,PG,67.91004000000001,21.38796,43.56
Victor Oladipo,9300,IND,SG,70.3296,26.2656,43.2
Tim Hardaway Jr.,7800,NYK,SG,64.56621,24.89949,35.93
Gordon Hayward,5300,BOS,SF,46.666270000000004,16.05065,26.53
Taurean Prince,6400,ATL,SF,50.43,18.3885,30.75
Brandon Ingram,6500,LAL,PF,57.72855,20.0541,32.45
P.J. Tucker,4700,HOU,PF,49.29534,20.739060000000002,24.66
Alex Len,4800,ATL,C,49.5676,17.88614,29.86
