Player Name,Salary,Position,Ceiling,Floor,Projection
Eric Bledsoe,6800,PG,54.94164,20.11542,31.98
Chris Paul,8300,PG,61.86512,18.69166,38.86
Khris Middleton,7500,SG,64.10364,23.50812,34.52
Devin Booker,8200,SG,70.7,21.8968,40.4
Alfonzo McKinnie,3800,SF,41.35931,20.69,20.69
Paul George,10500,SF,74.29194,28.64763,45.69
Al-Farouq Aminu,5400,PF,46.91004,19.2657,25.86
Montrezl Harrell,5800,PF,49.55103,22.000770000000003,28.17
Jordan Bell,3500,C,45.897040000000004,19.26344,22.96
