Player Name,Salary,Position,Projection
Fred VanVleet,4900,PG,47.49624
Kemba Walker,8900,PG,70.13951999999999
Devin Booker,8400,SG,69.26411999999999
Victor Oladipo,8500,SG,70.02108
Otto Porter,6300,SF,54.170159999999996
Nicolas Batum,6900,SF,55.79148000000001
Josh Jackson,5300,PF,50.03497
Ersan Ilyasova,4700,PF,42.9768
Myles Turner,6100,C,54.21536
