Player Name,Salary,Position,Ceiling,Floor,Projection
Eric Bledsoe,7700,PG,66.12411,23.46085,39.43
Frank Ntilikina,4800,PG,41.97335,15.51893,24.91
Zach LaVine,8400,SG,59.151619999999994,21.18864,40.13
Khris Middleton,7500,SG,62.317319999999995,26.7552,37.16
Jabari Parker,7000,SF,61.06828,23.79104,34.58
Nikola Mirotic,7300,SF,65.75541,27.82661,36.47
Ersan Ilyasova,4100,PF,43.5666,18.3762,24.6
Pascal Siakam,4400,PF,36.84,22.104,24.56
Karl-Anthony Towns,8800,C,71.34942,24.16089,45.33
