Player Name,Salary,Position,Ceiling,Floor,Projection
Eric Bledsoe,7700,PG,66.12411,23.46085,39.43
Frank Ntilikina,4800,PG,41.97335,15.51893,24.91
Jrue Holiday,8000,SG,63.63553,23.77214,42.91
Allen Crabbe,3600,SG,39.10044,15.648,19.56
Jabari Parker,7000,SF,61.06828,23.79104,34.58
Nikola Mirotic,7300,SF,65.75541,27.82661,36.47
Ersan Ilyasova,4100,PF,43.5666,18.3762,24.6
LaMarcus Aldridge,8700,PF,63.435759999999995,24.2498,42.92
Karl-Anthony Towns,8800,C,71.34942,24.16089,45.33
