Player Name,Salary,Position,Ceiling,Floor,Projection
Eric Bledsoe,7700,PG,66.12411,23.46085,39.43
Ben Simmons,10500,PG,68.52643,19.315170000000002,49.91
Khris Middleton,7500,SG,62.317319999999995,26.7552,37.16
Jrue Holiday,8000,SG,63.63553,23.77214,42.91
Chandler Hutchison,4000,SF,28.51305,8.93365,21.95
Nikola Mirotic,7300,SF,65.75541,27.82661,36.47
Ersan Ilyasova,4100,PF,43.5666,18.3762,24.6
Pascal Siakam,4400,PF,36.84,22.104,24.56
Julius Randle,6300,C,59.43808000000001,27.256320000000002,33.28
