Player Name,Salary,Team,Position,Ceiling,Floor,Projection
Stephen Curry,9400,GSW,PG,67.29658,25.35112,48.38
Eric Bledsoe,7100,MIL,PG,49.7422,21.43003,34.07
Devin Booker,8900,PHO,SG,66.11568,25.1952,43.44
Delon Wright,3900,TOR,SG,36.804559999999995,17.84328,22.36
Kevin Durant,9500,GSW,SF,62.324780000000004,21.985879999999998,47.18
Kelly Oubre,4800,PHO,SF,42.5407,20.114620000000002,24.59
Trey Lyles,4900,DEN,PF,39.70575,21.63018,25.21
Markieff Morris,5000,WAS,PF,37.94336,18.5026,26.06
Mason Plumlee,6300,DEN,C,47.30509,23.236420000000003,33.29
