Player Name,Salary,Team,Position,Ceiling,Floor,Projection
Stephen Curry,9400,GSW,PG,67.29658,25.35112,48.38
Tomas Satoransky ,4500,WAS,PG,36.83716,18.12208,23.72
Bradley Beal,8600,WAS,SG,61.41993000000001,27.43611,40.17
Delon Wright,3900,TOR,SG,36.804559999999995,17.84328,22.36
Kevin Durant,9500,GSW,SF,62.324780000000004,21.985879999999998,47.18
Kelly Oubre,4800,PHO,SF,42.5407,20.114620000000002,24.59
LaMarcus Aldridge,7900,SAS,PF,53.7145,24.32425,37.25
Trey Lyles,4900,DEN,PF,39.70575,21.63018,25.21
Mason Plumlee,6300,DEN,C,47.30509,23.236420000000003,33.29
