Player Name,Salary,Position,Ceiling,Floor,Projection
Isaiah Canaan,4200,PG,43.05,15.025,25.0
Ricky Rubio,5700,PG,47.630309999999994,17.678829999999998,31.07
Bradley Beal,8200,SG,64.5522,19.2148,39.7
Donovan Mitchell,8500,SG,70.52256,23.67424,41.68
Kelly Oubre,4100,SF,43.09124,18.9449,22.42
Kevin Durant,10200,SF,71.28781,21.53536,48.07
Josh Jackson,4000,PF,56.80675,23.46045,29.51
Tobias Harris,7600,PF,61.3683,16.76598,40.11
Steven Adams,7300,C,57.903999999999996,21.13496,36.19
