Player Name,Salary,Position,Ceiling,Floor,Projection
John Wall,9500,PG,67.07745,17.84215,45.17
Isaiah Canaan,4200,PG,43.05,15.025,25.0
Bradley Beal,8200,SG,64.5522,19.2148,39.7
Caris LeVert,6800,SG,54.10768,19.25984,34.64
Kevin Durant,10200,SF,71.28781,21.53536,48.07
Jae Crowder,4900,SF,51.467459999999996,22.88339,26.89
Jerami Grant,4800,PF,56.5717,23.0645,28.3
Josh Jackson,4000,PF,56.80675,23.46045,29.51
Steven Adams,7300,C,57.903999999999996,21.13496,36.19
