Player Name,Salary,Team,Position,Ceiling,Floor,Projection
De'Aaron Fox,7900,SAC,PG,46.7586,18.814770000000003,37.11
Cory Joseph,4400,IND,PG,39.94815,17.80609,22.01
Bogdan Bogdanovic,6600,SAC,SG,45.41516,24.810660000000002,28.42
Zach LaVine,8400,CHI,SG,53.10018,22.94592,37.74
Nemanja Bjelica,4400,SAC,SF,39.37977,15.80451,23.91
Josh Richardson,7400,MIA,SF,52.40565,20.67994,35.29
Josh Jackson,5600,PHO,PF,51.927479999999996,24.12828,35.64
Domantas Sabonis,7700,IND,PF,52.9844,27.66568,35.56
Willie Cauley-Stein,7500,SAC,C,50.8005,22.4005,35.5
