Player Name,Salary,Position,Ceiling,Floor,Projection
Isaiah Canaan,4200,PG,43.05,15.025,25.0
Dennis Smith Jr.,6400,PG,51.51168,17.83584,31.68
Caris LeVert,6800,SG,54.10768,19.25984,34.64
Donovan Mitchell,8500,SG,70.52256,23.67424,41.68
Kevin Durant,10200,SF,71.28781,21.53536,48.07
Jae Crowder,4900,SF,51.467459999999996,22.88339,26.89
Josh Jackson,4000,PF,56.80675,23.46045,29.51
Tobias Harris,7600,PF,61.3683,16.76598,40.11
Steven Adams,7300,C,57.903999999999996,21.13496,36.19
