Player Name,Salary,Position,Ceiling,Floor,Projection
Rajon Rondo,5700,PG,49.755109999999995,24.89,24.89
Jeremy Lin,3800,PG,35.37492,18.31,18.31
Jordan Clarkson,4700,SG,45.33732,18.620279999999998,22.68
Alex Abrines,3800,SG,38.9805,19.5,19.5
Nikola Mirotic,8400,SF,70.86032,25.1679,39.02
Paul George,10200,SF,82.86784,31.75168,50.56
Anthony Davis,11800,PF,100.90096,31.11958,63.38
Domantas Sabonis,6100,PF,58.05651999999999,26.271040000000003,30.98
Myles Turner,5500,C,50.71463,20.32137,25.37
