Player Name,Salary,Position,Ceiling,Floor,Projection
Derrick Rose,5500,PG,48.8394,17.88885,31.55
Kyle Lowry,8800,PG,69.3852,21.6276,40.2
Jordan Clarkson,4700,SG,45.33732,18.620279999999998,22.68
Terrence Ross,4800,SG,48.28324,23.41592,24.19
Nikola Mirotic,8400,SF,70.86032,25.1679,39.02
Paul George,10200,SF,82.86784,31.75168,50.56
Brandon Ingram,5900,PF,55.872440000000005,18.211879999999997,30.92
Domantas Sabonis,6100,PF,58.05651999999999,26.271040000000003,30.98
Myles Turner,5500,C,50.71463,20.32137,25.37
