Player Name,Salary,Team,Position,Ceiling,Floor,Projection
Tomas Satoransky ,4500,WAS,PG,36.83716,18.12208,23.72
Eric Bledsoe,7100,MIL,PG,49.7422,21.43003,34.07
Devin Booker,8900,PHO,SG,66.11568,25.1952,43.44
Bradley Beal,8600,WAS,SG,61.41993000000001,27.43611,40.17
Kevin Durant,9500,GSW,SF,62.324780000000004,21.985879999999998,47.18
Kelly Oubre,4800,PHO,SF,42.5407,20.114620000000002,24.59
LaMarcus Aldridge,7900,SAS,PF,53.7145,24.32425,37.25
Trey Lyles,4900,DEN,PF,39.70575,21.63018,25.21
Jakob Poeltl,3800,SAS,C,38.98144,17.29472,19.52
