Player Name,Salary,Team,Position,Ceiling,Floor,Projection
Stephen Curry,9400,GSW,PG,67.29658,25.35112,48.38
Tomas Satoransky ,4500,WAS,PG,36.83716,18.12208,23.72
Devin Booker,8900,PHO,SG,66.11568,25.1952,43.44
Bradley Beal,8600,WAS,SG,61.41993000000001,27.43611,40.17
Kevin Durant,9500,GSW,SF,62.324780000000004,21.985879999999998,47.18
Juan Hernangomez,5400,DEN,SF,43.51158,16.93396,25.58
Trey Lyles,4900,DEN,PF,39.70575,21.63018,25.21
Markieff Morris,5000,WAS,PF,37.94336,18.5026,26.06
Jakob Poeltl,3800,SAS,C,38.98144,17.29472,19.52
