Player Name,Salary,Team,Position,Ceiling,Floor,Projection
Stephen Curry,9400,GSW,PG,67.29658,25.35112,48.38
Jamal Murray,7800,DEN,PG,55.168780000000005,22.733220000000003,35.41
Devin Booker,8900,PHO,SG,66.11568,25.1952,43.44
Bradley Beal,8600,WAS,SG,61.41993000000001,27.43611,40.17
Gerald Green,3500,HOU,SF,32.364000000000004,13.34232,20.88
Kelly Oubre,4800,PHO,SF,42.5407,20.114620000000002,24.59
LaMarcus Aldridge,7900,SAS,PF,53.7145,24.32425,37.25
Josh Jackson,5300,PHO,PF,39.03075,17.50221,27.39
Jakob Poeltl,3800,SAS,C,38.98144,17.29472,19.52
