Player Name,Salary,Team,Position,Ceiling,Floor,Projection
Spencer Dinwiddie,6300,BKN,PG,52.19685,20.29395,28.95
Kyle Lowry,8100,TOR,PG,64.51731,20.88801,38.61
D'Angelo Russell,7300,BKN,SG,61.68855,18.78954,37.73
Bradley Beal,8200,WAS,SG,69.56235,25.91985,37.95
Justise Winslow,5000,MIA,SF,54.37104,16.97598,29.94
Kelly Oubre,5000,WAS,SF,44.51773,18.23913,22.27
Al-Farouq Aminu,5500,POR,PF,48.91539,20.3475,27.13
Montrezl Harrell,7500,LAC,PF,62.179959999999994,27.655209999999997,35.41
Enes Kanter,6500,NYK,C,58.357440000000004,26.0776,35.24
